ticket_id,predicted_category
TK-249661,Billing & Payments
TK-249653,Billing & Payments
TK-249675,Warranty & Repair
TK-249635,Billing & Payments
TK-249639,Billing & Payments
TK-249644,Delivery & Shipping
TK-249678,Connectivity
TK-249679,Returns & Refunds
TK-249717,Charging & Battery
TK-249719,Product Enquiry
TK-249726,Account & Login
TK-249729,Returns & Refunds
TK-249708,Billing & Payments
TK-249684,Product Enquiry
TK-249688,Connectivity
TK-249690,Returns & Refunds
TK-249696,Delivery & Shipping
TK-249698,Delivery & Shipping
TK-249545,Billing & Payments
TK-249547,Product Enquiry
TK-249553,Delivery & Shipping
TK-249558,Delivery & Shipping
TK-249534,Returns & Refunds
TK-249508,App & Firmware
TK-249523,App & Firmware
TK-249532,Product Enquiry
TK-249611,Returns & Refunds
TK-249574,Billing & Payments
TK-249580,Warranty & Repair
TK-249737,Connectivity
TK-249894,Delivery & Shipping
TK-249901,Warranty & Repair
TK-249899,Delivery & Shipping
TK-249858,Returns & Refunds
TK-249875,Delivery & Shipping
TK-249876,Warranty & Repair
TK-249957,Audio Quality
TK-249964,App & Firmware
TK-249916,Billing & Payments
TK-249927,Charging & Battery
TK-249934,Returns & Refunds
TK-249507,Billing & Payments
TK-249778,Delivery & Shipping
TK-249661,Billing & Payments
TK-249653,Billing & Payments
TK-249675,Warranty & Repair
TK-249635,Billing & Payments
TK-249639,Billing & Payments
TK-249644,Delivery & Shipping
TK-249678,Connectivity
TK-249679,Returns & Refunds
TK-249717,Charging & Battery
TK-249719,Product Enquiry
TK-249726,Account & Login
TK-249729,Returns & Refunds
TK-249708,Billing & Payments
TK-249787,Delivery & Shipping
TK-249790,Connectivity
TK-249795,Billing & Payments
TK-249748,Product Enquiry
TK-249755,Audio Quality
TK-249758,Returns & Refunds
TK-249797,Warranty & Repair
TK-249830,Returns & Refunds
TK-249833,Delivery & Shipping
TK-249837,Delivery & Shipping
TK-249845,Delivery & Shipping
TK-249849,Returns & Refunds
TK-249810,Returns & Refunds
TK-249817,Delivery & Shipping
TK-249820,Returns & Refunds
TK-249177,Delivery & Shipping
TK-249166,Returns & Refunds
TK-249147,Billing & Payments
TK-249158,Returns & Refunds
TK-249234,Returns & Refunds
TK-249236,Returns & Refunds
TK-249240,Returns & Refunds
TK-249244,Returns & Refunds
TK-249212,App & Firmware
TK-249135,Delivery & Shipping
TK-249041,Delivery & Shipping
TK-249062,Product Enquiry
TK-249063,App & Firmware
TK-249014,Returns & Refunds
TK-249022,Product Enquiry
TK-249031,Returns & Refunds
TK-249105,Returns & Refunds
TK-249108,Delivery & Shipping
TK-249114,App & Firmware
TK-249120,App & Firmware
TK-249074,Delivery & Shipping
TK-249086,Delivery & Shipping
TK-249092,Returns & Refunds
TK-249093,Account & Login
TK-249415,Billing & Payments
TK-249433,Warranty & Repair
TK-249404,Returns & Refunds
TK-249484,Delivery & Shipping
TK-249486,Returns & Refunds
TK-249501,Delivery & Shipping
TK-249451,Audio Quality
TK-249457,Account & Login
TK-249298,Returns & Refunds
TK-249301,Returns & Refunds
TK-249256,Returns & Refunds
TK-249260,Returns & Refunds
TK-249261,Returns & Refunds
TK-249262,Charging & Battery
TK-249272,Delivery & Shipping
TK-249276,Billing & Payments
TK-249283,Returns & Refunds
TK-249356,Connectivity
TK-249359,Returns & Refunds
TK-249319,Warranty & Repair
TK-249338,Delivery & Shipping
TK-249342,Returns & Refunds
TK-250617,Delivery & Shipping
TK-250621,Warranty & Repair
TK-250626,Audio Quality
TK-250615,Delivery & Shipping
TK-250639,Delivery & Shipping
TK-250643,Returns & Refunds
TK-250590,Returns & Refunds
TK-250597,Delivery & Shipping
TK-250605,Returns & Refunds
TK-250608,Delivery & Shipping
TK-250694,Delivery & Shipping
TK-250701,Delivery & Shipping
TK-250676,Delivery & Shipping
TK-250661,Delivery & Shipping
TK-250586,Billing & Payments
TK-250501,Returns & Refunds
TK-250512,Returns & Refunds
TK-250517,Audio Quality
TK-250471,Audio Quality
TK-250473,Account & Login
TK-250474,Delivery & Shipping
TK-250476,Returns & Refunds
TK-250568,Audio Quality
TK-250867,Connectivity
TK-250869,Returns & Refunds
TK-250862,Product Enquiry
TK-250879,Delivery & Shipping
TK-250888,Delivery & Shipping
TK-250841,Returns & Refunds
TK-250848,Returns & Refunds
TK-250854,Returns & Refunds
TK-250926,Connectivity
TK-250931,Delivery & Shipping
TK-250943,Delivery & Shipping
TK-250899,Delivery & Shipping
TK-250907,Delivery & Shipping
TK-250918,Warranty & Repair
TK-250744,Returns & Refunds
TK-250761,Connectivity
TK-250752,Returns & Refunds
TK-250737,Returns & Refunds
TK-250712,Product Enquiry
TK-250730,Delivery & Shipping
TK-250765,Billing & Payments
TK-250793,Connectivity
TK-250794,Billing & Payments
TK-250132,App & Firmware
TK-250151,Product Enquiry
TK-250131,Audio Quality
TK-250102,Returns & Refunds
TK-250103,Warranty & Repair
TK-250110,Billing & Payments
TK-250117,Delivery & Shipping
TK-250118,Returns & Refunds
TK-250128,Billing & Payments
TK-250200,Audio Quality
TK-250164,Returns & Refunds
TK-250169,Delivery & Shipping
TK-250176,Returns & Refunds
TK-250096,Returns & Refunds
TK-250006,Billing & Payments
TK-250023,Charging & Battery
TK-250027,Delivery & Shipping
TK-249994,Connectivity
TK-249999,Delivery & Shipping
TK-250035,Returns & Refunds
TK-250073,Connectivity
TK-250086,Billing & Payments
TK-250065,Product Enquiry
TK-250064,Charging & Battery
TK-250037,Billing & Payments
TK-250043,Billing & Payments
TK-250054,Returns & Refunds
TK-250382,Connectivity
TK-250389,Returns & Refunds
TK-250352,App & Firmware
TK-250357,Delivery & Shipping
TK-250361,Delivery & Shipping
TK-250366,Product Enquiry
TK-250368,Delivery & Shipping
TK-250345,Returns & Refunds
TK-250444,Delivery & Shipping
TK-250449,Delivery & Shipping
TK-250451,Delivery & Shipping
TK-250437,Delivery & Shipping
TK-250436,Charging & Battery
TK-250409,Returns & Refunds
TK-250410,Delivery & Shipping
TK-250255,Billing & Payments
TK-250259,Charging & Battery
TK-250253,Returns & Refunds
TK-250274,Connectivity
TK-250251,Returns & Refunds
TK-250230,Returns & Refunds
TK-250231,Delivery & Shipping
TK-250233,Delivery & Shipping
TK-250235,Billing & Payments
TK-250249,Returns & Refunds
TK-250278,Account & Login
TK-250283,Returns & Refunds
TK-250317,Returns & Refunds
TK-250330,Charging & Battery
TK-250335,Returns & Refunds
TK-250296,Charging & Battery
TK-247706,App & Firmware
TK-247658,Delivery & Shipping
TK-247665,Connectivity
TK-247667,Returns & Refunds
TK-247714,Audio Quality
TK-247751,Delivery & Shipping
TK-247773,Delivery & Shipping
TK-247774,Returns & Refunds
TK-247717,Delivery & Shipping
TK-247740,Delivery & Shipping
TK-247564,Delivery & Shipping
TK-247568,Returns & Refunds
TK-247576,Returns & Refunds
TK-247583,Warranty & Repair
TK-247573,Charging & Battery
TK-247556,Returns & Refunds
TK-247555,Returns & Refunds
TK-247530,Delivery & Shipping
